sample_index,time,pressure
519725,20789.0,-0.0001894475667745
519726,20789.04,-0.0001772371984602
519727,20789.08,-0.0001620951478602
519728,20789.12,-0.0001506781512917
519729,20789.16,-0.000146643036455
519730,20789.2,-0.0001423208800058
519731,20789.24,-0.0001369818469481
519732,20789.28,-0.0001310950790795
519733,20789.32,-0.0001273059203441
519734,20789.36,-0.0001249555985235
519735,20789.4,-0.0001225587660113
519736,20789.44,-0.0001201272076785
519737,20789.48,-0.0001161133767532
519738,20789.52,-0.0001100691793301
519739,20789.56,-0.0001054375902891
519740,20789.6,-0.0001015071799315
519741,20789.64,-9.851546770413492e-05
519742,20789.68,-9.565791663542888e-05
519743,20789.72,-9.261828901359764e-05
519744,20789.76,-8.820904698509948e-05
519745,20789.8,-8.433886546457355e-05
519746,20789.84,-8.393524498173728e-05
519747,20789.88,-8.464872370720168e-05
519748,20789.92,-8.381031494329379e-05
519749,20789.96,-8.196878766861857e-05
519750,20790.0,-7.993306533397092e-05
519751,20790.04,-7.918876737556197e-05
519752,20790.08,-7.89081701974189e-05
519753,20790.12,-7.861286154420205e-05
519754,20790.16,-7.869295239941927e-05
519755,20790.2,-7.73638984188317e-05
519756,20790.24,-7.546668283210784e-05
519757,20790.28,-7.408035590302563e-05
519758,20790.32,-7.349356344180184e-05
519759,20790.36,-7.288805151239709e-05
519760,20790.4,-7.240660306169396e-05
519761,20790.44,-7.150951424058848e-05
519762,20790.48,-6.996486263918705e-05
519763,20790.52,-6.773635078552853e-05
519764,20790.56,-6.986548204577643e-05
519765,20790.6,-7.309455850039777e-05
519766,20790.64,-7.248726961344856e-05
519767,20790.68,-6.859838423329055e-05
519768,20790.72,-6.202034367120839e-05
519769,20790.76,-5.7734502972971615e-05
519770,20790.8,-5.411804250868128e-05
519771,20790.84,-5.331967489690447e-05
519772,20790.88,-5.156166823638865e-05
519773,20790.92,-4.8797433978212775e-05
519774,20790.96,-4.595720810304283e-05
519775,20791.0,-4.428761038979607e-05
519776,20791.04,-4.1010240273987896e-05
519777,20791.08,-3.911187504281421e-05
519778,20791.12,-3.76111655538733e-05
519779,20791.16,-3.23946234949667e-05
519780,20791.2,-2.4739967344035865e-05
519781,20791.24,-1.4551093057509218e-05
519782,20791.28,-2.2893747003794824e-06
519783,20791.32,-1.2920105150338545e-07
519784,20791.36,8.638898307044807e-08
519785,20791.4,2.359548443827704e-05
519786,20791.44,6.545561659654944e-05
519787,20791.48,9.85171504939435e-05
519788,20791.52,0.0001098582789703
519789,20791.56,0.00010936198674
519790,20791.6,0.0001009164697896
519791,20791.64,9.136335856514495e-05
519792,20791.68,8.836048476582035e-05
519793,20791.72,8.909399489732145e-05
519794,20791.76,8.800045170975827e-05
519795,20791.8,7.2884883380663e-05
519796,20791.84,6.33239471718149e-05
519797,20791.88,6.152732730573347e-05
519798,20791.92,5.8822330610432016e-05
519799,20791.96,5.338820255534971e-05
519800,20792.0,5.0945924264598885e-05
519801,20792.04,3.5936084677498475e-05
519802,20792.08,-3.2282205369052087e-06
519803,20792.12,-4.216170154105277e-05
519804,20792.16,-5.8521116984702616e-05
519805,20792.2,-6.386475510449774e-05
519806,20792.24,-6.573862449242244e-05
519807,20792.28,-6.751853483414863e-05
519808,20792.32,-7.000498399458592e-05
519809,20792.36,-8.081097049608628e-05
519810,20792.4,-9.97661239132443e-05
519811,20792.44,-0.0001176607466522
519812,20792.48,-0.0001386304921857
519813,20792.52,-0.0001694543141119
519814,20792.56,-0.0001999205118008
519815,20792.6,-0.0002191535101091
519816,20792.64,-0.0002307447047155
519817,20792.68,-0.0002417165291755
519818,20792.72,-0.0002546940952836
519819,20792.76,-0.000264022038947
519820,20792.8,-0.0002692818359107
519821,20792.84,-0.0002692521774146
519822,20792.88,-0.0002632437580943
519823,20792.92,-0.0002649551551618
519824,20792.96,-0.0002676407650318
519825,20793.0,-0.0002618874368849
519826,20793.04,-0.0002517343507803
519827,20793.08,-0.0002398974658376
519828,20793.12,-0.0002329483325497
519829,20793.16,-0.0002253290252178
519830,20793.2,-0.0002140434548578
519831,20793.24,-0.000203796094987
519832,20793.28,-0.0001885860939471
519833,20793.32,-0.0001743533648576
519834,20793.36,-0.0001611999809882
519835,20793.4,-0.000150919474055
519836,20793.44,-0.0001424529907659
519837,20793.48,-0.0001343336883499
519838,20793.52,-0.0001270477320315
519839,20793.56,-0.0001194040829646
519840,20793.6,-0.0001110641700534
519841,20793.64,-0.0001023963478737
519842,20793.68,-9.769679829579952e-05
519843,20793.72,-9.615438466984112e-05
519844,20793.76,-9.467460938755276e-05
519845,20793.8,-9.200920156898002e-05
519846,20793.84,-8.92266321394846e-05
519847,20793.88,-8.796661794536777e-05
519848,20793.92,-8.767000082079639e-05
519849,20793.96,-8.710618220828118e-05
519850,20794.0,-8.73630012823529e-05
519851,20794.04,-8.637523439822099e-05
519852,20794.08,-8.341332112975276e-05
519853,20794.12,-8.039845998975005e-05
519854,20794.16,-7.857453275121478e-05
519855,20794.2,-7.669397673698864e-05
519856,20794.24,-7.321504963818581e-05
519857,20794.28,-6.557856789360528e-05
519858,20794.32,-5.572867952734645e-05
519859,20794.36,-4.793856191958296e-05
519860,20794.4,-4.0967220964839615e-05
519861,20794.44,-3.50869358831147e-05
519862,20794.48,-3.5294408302110056e-05
519863,20794.52,-3.319181851755313e-05
519864,20794.56,-2.523737471773397e-05
519865,20794.6,-2.079235408566093e-05
519866,20794.64,-2.0690043941182283e-05
519867,20794.68,-2.46919219239882e-05
519868,20794.72,-2.565214630039098e-05
519869,20794.76,-2.447234843646139e-05
519870,20794.8,-2.0733715088376777e-05
519871,20794.84,-1.5430852194710147e-05
519872,20794.88,-6.954875011607706e-06
519873,20794.92,4.99038678375017e-06
519874,20794.96,1.868919931181766e-05
519875,20795.0,3.078241976221775e-05
519876,20795.04,3.114351578327269e-05
519877,20795.08,2.012201818017035e-05
519878,20795.12,4.851488024154341e-06
519879,20795.16,-1.0622651222693622e-05
519880,20795.2,-1.913896106476455e-05
519881,20795.24,-2.474337135840433e-05
519882,20795.28,-3.040472880157257e-05
519883,20795.32,-3.5079925801058544e-05
519884,20795.36,-3.326709904312125e-05
519885,20795.4,-3.034325889072531e-05
519886,20795.44,-2.296985146257939e-05
519887,20795.48,-1.4526758626262364e-05
519888,20795.52,4.700985740933048e-06
519889,20795.56,1.6883742133904437e-05
519890,20795.6,1.4965099091888412e-05
519891,20795.64,8.081443211812694e-06
519892,20795.68,-7.0907806501664325e-06
519893,20795.72,-2.087798400381472e-05
519894,20795.76,-3.157647823522984e-05
519895,20795.8,-4.279623457730375e-05
519896,20795.84,-5.458906251583477e-05
519897,20795.88,-7.418438012753829e-05
519898,20795.92,-9.973377050227604e-05
519899,20795.96,-0.0001195739272491
519900,20796.0,-0.0001427612584622
519901,20796.04,-0.0001634558077819
519902,20796.08,-0.0001780712996933
519903,20796.12,-0.0001867781600262
519904,20796.16,-0.0001943441650251
519905,20796.2,-0.0002044782783469
519906,20796.24,-0.0002179861860984
519907,20796.28,-0.0002424541863312
519908,20796.32,-0.000264370113427
519909,20796.36,-0.0002736686736569
519910,20796.4,-0.0002758747295167
519911,20796.44,-0.0002632269491586
519912,20796.48,-0.0002451978723417
519913,20796.52,-0.000223477843362
519914,20796.56,-0.0002035573548878
519915,20796.6,-0.0001883137649079
519916,20796.64,-0.0001743049493794
519917,20796.68,-0.0001612689160787
519918,20796.72,-0.0001496286094827
519919,20796.76,-0.0001367346024211
519920,20796.8,-0.0001246787230643
519921,20796.84,-0.0001197979012447
519922,20796.88,-0.0001173567185992
519923,20796.92,-0.0001142189695395
519924,20796.96,-0.0001107257690963
519925,20797.0,-0.0001073637901972
519926,20797.04,-0.0001058730335346
519927,20797.08,-0.0001043492956318
519928,20797.12,-0.0001020405952994
519929,20797.16,-9.97321856652078e-05
519930,20797.2,-9.609530361094875e-05
519931,20797.24,-9.203981668462106e-05
519932,20797.28,-8.860184597697065e-05
519933,20797.32,-8.60681241164926e-05
519934,20797.36,-8.412667700336385e-05
519935,20797.4,-8.234207837191091e-05
519936,20797.44,-8.015861738603505e-05
519937,20797.48,-7.653455776391343e-05
519938,20797.52,-7.327569771831984e-05
519939,20797.56,-7.526121304442087e-05
519940,20797.6,-7.620794486747758e-05
519941,20797.64,-7.601186074816148e-05
519942,20797.68,-7.500152714514787e-05
519943,20797.72,-7.335035802220052e-05
519944,20797.76,-7.275964466410296e-05
519945,20797.8,-7.295296258989964e-05
519946,20797.84,-7.257558008082467e-05
519947,20797.88,-7.244683419536939e-05
519948,20797.92,-7.146535763642451e-05
519949,20797.96,-7.01908606239022e-05
519950,20798.0,-6.912676120727179e-05
519951,20798.04,-6.876325819202881e-05
519952,20798.08,-6.846739453171677e-05
519953,20798.12,-6.821423027405228e-05
519954,20798.16,-6.769958352548401e-05
519955,20798.2,-6.723254962005138e-05
519956,20798.24,-6.46677858498366e-05
519957,20798.28,-6.339852474853818e-05
519958,20798.32,-6.40846062868619e-05
519959,20798.36,-6.062069191799515e-05
519960,20798.4,-5.488143232818583e-05
519961,20798.44,-4.7545822652188286e-05
519962,20798.48,-4.321671801434123e-05
519963,20798.52,-3.941453862293295e-05
519964,20798.56,-3.422662930038924e-05
519965,20798.6,-3.157593605995767e-05
519966,20798.64,-3.0574742704289124e-05
519967,20798.68,-3.0606107097787566e-05
519968,20798.72,-2.699347341148843e-05
519969,20798.76,-1.941301483236473e-05
519970,20798.8,-1.1741871924625943e-05
519971,20798.84,9.393100280659264e-07
519972,20798.88,1.1846040525328878e-05
519973,20798.92,1.6663107020686834e-05
519974,20798.96,1.5489363380392173e-05
519975,20799.0,6.412440644532731e-06
519976,20799.04,-3.683775584764032e-06
519977,20799.08,-4.584267767647796e-06
519978,20799.12,4.5807483000219e-06
519979,20799.16,1.1813351910894177e-05
519980,20799.2,1.2207992442326848e-05
519981,20799.24,6.451317090026096e-06
519982,20799.28,-2.393815634812369e-06
519983,20799.32,-8.561100394277898e-06
519984,20799.36,-8.020110440563449e-06
519985,20799.4,-4.506138406335684e-06
519986,20799.44,-1.863721383474168e-06
519987,20799.48,-2.0589810258232413e-06
519988,20799.52,-4.562935356012549e-06
519989,20799.56,-1.021508741393311e-05
519990,20799.6,-2.040148864115137e-05
519991,20799.64,-3.331434853353989e-05
519992,20799.68,-4.712939811262165e-05
519993,20799.72,-5.458662775478935e-05
519994,20799.76,-5.998636525599183e-05
519995,20799.8,-6.141297947413732e-05
519996,20799.84,-6.021400386007799e-05
519997,20799.88,-6.278431907676595e-05
519998,20799.92,-7.626530791996972e-05
519999,20799.96,-9.711940706436028e-05
520000,20800.0,-0.0001175434615382
520001,20800.04,-0.0001449092397416
520002,20800.08,-0.0001747077658106
520003,20800.12,-0.0001954630010928
520004,20800.16,-0.0002060378538522
520005,20800.2,-0.0002094978124133
520006,20800.24,-0.0002111294474733
520007,20800.28,-0.0002135525487299
520008,20800.32,-0.0002153083542309
520009,20800.36,-0.0002181678795508
520010,20800.4,-0.0002129823090164
520011,20800.44,-0.0002019337401899
520012,20800.48,-0.0001888246980758
520013,20800.52,-0.0001839338587473
520014,20800.56,-0.0001824712858393
520015,20800.6,-0.0001774484364753
520016,20800.64,-0.0001711734169375
520017,20800.68,-0.0001656700106856
520018,20800.72,-0.0001627005760007
520019,20800.76,-0.000158931179445
520020,20800.8,-0.0001541280386346
520021,20800.84,-0.0001492152688061
520022,20800.88,-0.0001433791056871
520023,20800.92,-0.0001376344871198
520024,20800.96,-0.0001305110769259
520025,20801.0,-0.0001242966291818
520026,20801.04,-0.0001182143835984
520027,20801.08,-0.0001127761507154
520028,20801.12,-0.0001073423030862
520029,20801.16,-0.0001012075679661
520030,20801.2,-9.458026278857808e-05
520031,20801.24,-9.173610811877654e-05
520032,20801.28,-9.046003654938456e-05
520033,20801.32,-8.933882471291947e-05
520034,20801.36,-8.713773688731518e-05
520035,20801.4,-8.509758862636853e-05
520036,20801.44,-8.40712770231452e-05
520037,20801.48,-8.374558912432986e-05
520038,20801.52,-8.303284080221048e-05
520039,20801.56,-8.240647577708435e-05
520040,20801.6,-8.066408174919498e-05
520041,20801.64,-7.853241178294582e-05
520042,20801.68,-7.702228163248389e-05
520043,20801.72,-7.591102880375608e-05
520044,20801.76,-7.500541769400798e-05
520045,20801.8,-7.443346493646858e-05
520046,20801.84,-7.368045205832315e-05
520047,20801.88,-7.299130054188739e-05
520048,20801.92,-7.135947045585504e-05
520049,20801.96,-6.819960173051641e-05
520050,20802.0,-6.811715306082459e-05
520051,20802.04,-7.231128303403071e-05
520052,20802.08,-7.289793731174688e-05
520053,20802.12,-7.287623043214819e-05
520054,20802.16,-7.107288175440975e-05
520055,20802.2,-7.003225555536858e-05
520056,20802.24,-6.947666432572394e-05
520057,20802.28,-6.699566371218783e-05
520058,20802.32,-6.179753307947542e-05
520059,20802.36,-5.583364630790269e-05
520060,20802.4,-4.797947793146821e-05
520061,20802.44,-4.393728441456177e-05
520062,20802.48,-4.225865776187926e-05
520063,20802.52,-4.02813652400782e-05
520064,20802.56,-3.827594419079981e-05
520065,20802.6,-3.638281769628141e-05
520066,20802.64,-3.284996205616919e-05
520067,20802.68,-2.857693072654068e-05
520068,20802.72,-2.168651635380052e-05
520069,20802.76,-1.159956008047104e-05
520070,20802.8,-3.3880381651931284e-06
520071,20802.84,5.1827538442104864e-06
520072,20802.88,3.3487746921380065e-05
520073,20802.92,6.74225851460152e-05
520074,20802.96,8.585379551595845e-05
520075,20803.0,7.927616421162321e-05
520076,20803.04,6.599768946094415e-05
520077,20803.08,5.785174299902182e-05
520078,20803.12,5.326128273153246e-05
520079,20803.16,4.652163244344316e-05
520080,20803.2,2.9190835101721987e-05
520081,20803.24,1.5906062798003004e-05
520082,20803.28,-1.1584330514786883e-06
520083,20803.32,-2.318059144963993e-05
520084,20803.36,-4.092225652099488e-05
520085,20803.4,-4.799087190502051e-05
520086,20803.44,-5.215950087321869e-05
520087,20803.48,-5.611700948767797e-05
520088,20803.52,-5.8386993504885246e-05
520089,20803.56,-5.963675557593982e-05
520090,20803.6,-6.291508454191007e-05
520091,20803.64,-6.158088030777568e-05
520092,20803.68,-5.931869311046398e-05
520093,20803.72,-5.829303500439103e-05
520094,20803.76,-5.9240819887267855e-05
520095,20803.8,-6.049231664225532e-05
520096,20803.84,-6.196251056616765e-05
520097,20803.88,-6.479857950466695e-05
520098,20803.92,-7.24426531174565e-05
520099,20803.96,-8.35447848607674e-05
520100,20804.0,-9.16662348569502e-05
520101,20804.04,-0.0001037146631102
520102,20804.08,-0.0001262216626707
520103,20804.12,-0.0001573514222352
520104,20804.16,-0.0001886874602246
520105,20804.2,-0.0002094820122857
520106,20804.24,-0.0002153261762079
520107,20804.28,-0.000209439207192
520108,20804.32,-0.0001974503295
520109,20804.36,-0.0001782967383946
520110,20804.4,-0.0001635845529438
520111,20804.44,-0.0001600507360785
520112,20804.48,-0.0001578621693184
520113,20804.52,-0.0001539617040045
520114,20804.56,-0.0001516030585969
520115,20804.6,-0.0001522836086526
520116,20804.64,-0.000151130947679
520117,20804.68,-0.0001438920453666
520118,20804.72,-0.0001342069662567
520119,20804.76,-0.0001230750224878
520120,20804.8,-0.0001159925443827
520121,20804.84,-0.0001131146707491
520122,20804.88,-0.0001102316270104
520123,20804.92,-0.00010607343138
520124,20804.96,-0.0001030026746045
520125,20805.0,-0.0001023802999558
520126,20805.04,-0.0001016491958103
520127,20805.08,-9.737313798003148e-05
520128,20805.12,-9.092579886795155e-05
520129,20805.16,-9.044646184815994e-05
520130,20805.2,-9.214006179819792e-05
520131,20805.24,-9.276837478598152e-05
520132,20805.28,-9.05674545278552e-05
520133,20805.32,-8.72823478234637e-05
520134,20805.36,-8.408962929898554e-05
520135,20805.4,-8.37214301889182e-05
520136,20805.44,-8.371505333932698e-05
520137,20805.48,-8.347151876305084e-05
520138,20805.52,-8.202684266183453e-05
520139,20805.56,-7.936834173198276e-05
520140,20805.6,-7.734952815715471e-05
520141,20805.64,-7.583472416556208e-05
520142,20805.68,-7.34412244821615e-05
520143,20805.72,-6.94718572200855e-05
520144,20805.76,-6.375142600705916e-05
520145,20805.8,-5.849703767810549e-05
520146,20805.84,-5.545260150608391e-05
520147,20805.88,-5.176307533580881e-05
520148,20805.92,-4.623504594851884e-05
520149,20805.96,-4.572460126144995e-05
520150,20806.0,-4.528529231053266e-05
520151,20806.04,-4.41530157770066e-05
520152,20806.08,-4.13734958075648e-05
520153,20806.12,-3.3125431888733604e-05
520154,20806.16,-1.721963771098021e-05
520155,20806.2,1.3914903069020118e-05
520156,20806.24,4.587734941614269e-05
520157,20806.28,5.801672437991112e-05
520158,20806.32,6.279851362461877e-05
520159,20806.36,6.564103603764714e-05
520160,20806.4,6.631029429158561e-05
520161,20806.44,6.845558689593975e-05
520162,20806.48,7.43977844723944e-05
520163,20806.52,7.806991087248969e-05
520164,20806.56,7.384194130007926e-05
520165,20806.6,6.071347701471089e-05
520166,20806.64,5.1983286210484925e-05
520167,20806.68,4.706140272747853e-05
520168,20806.72,3.808899155338983e-05
520169,20806.76,1.8110719838889265e-05
520170,20806.8,-1.878651918976628e-07
520171,20806.84,-2.01375187547632e-05
520172,20806.88,-3.9383940219720574e-05
520173,20806.92,-5.196255272970825e-05
520174,20806.96,-5.810714384188253e-05
520175,20807.0,-6.158314570590258e-05
520176,20807.04,-6.57095527113894e-05
520177,20807.08,-6.869417368484154e-05
520178,20807.12,-7.341493427058781e-05
520179,20807.16,-8.465181095920251e-05
520180,20807.2,-9.67948766767332e-05
520181,20807.24,-0.0001122464076392
520182,20807.28,-0.0001349949189923
520183,20807.32,-0.0001555142017087
520184,20807.36,-0.000166568869202
520185,20807.4,-0.0001707472557848
520186,20807.44,-0.0001684662301071
520187,20807.48,-0.0001636369210877
520188,20807.52,-0.0001579530378856
520189,20807.56,-0.000157321966888
520190,20807.6,-0.0001577361697318
520191,20807.64,-0.0001556959697847
520192,20807.68,-0.0001520361534035
520193,20807.72,-0.0001480005775892
520194,20807.76,-0.0001438787240734
520195,20807.8,-0.0001390404032871
520196,20807.84,-0.0001350533995615
520197,20807.88,-0.0001328534821513
520198,20807.92,-0.0001324200282687
520199,20807.96,-0.0001331346438271
520200,20808.0,-0.0001326045699102
520201,20808.04,-0.0001314579691968
520202,20808.08,-0.000128800420044
520203,20808.12,-0.0001247190200516
520204,20808.16,-0.0001185792326323
520205,20808.2,-0.00011067730575
520206,20808.24,-0.0001031681607941
520207,20808.28,-9.971951349458e-05
520208,20808.32,-9.796178114192028e-05
520209,20808.36,-9.70970782079936e-05
520210,20808.4,-9.508668323046591e-05
520211,20808.44,-9.377832769459712e-05
520212,20808.48,-9.328152781967224e-05
520213,20808.52,-9.34231854761192e-05
520214,20808.56,-9.317293949177768e-05
520215,20808.6,-9.297269780861912e-05
520216,20808.64,-9.141306872236971e-05
520217,20808.68,-8.946802208761825e-05
520218,20808.72,-8.735467253451021e-05
520219,20808.76,-8.623807833262765e-05
520220,20808.8,-8.499117691832087e-05
520221,20808.84,-8.410329177811787e-05
520222,20808.88,-8.25707476431375e-05
520223,20808.92,-8.145676759456206e-05
520224,20808.96,-7.87643096294976e-05
520225,20809.0,-7.809589395381292e-05
520226,20809.04,-7.904428900809695e-05
520227,20809.08,-7.924903950503531e-05
520228,20809.12,-7.85299318442588e-05
520229,20809.16,-7.551323234885292e-05
520230,20809.2,-6.980348856894139e-05
520231,20809.24,-6.451087577839523e-05
520232,20809.28,-6.07790437074088e-05
520233,20809.32,-5.970476859591095e-05
520234,20809.36,-5.953352129365562e-05
520235,20809.4,-6.005505972165651e-05
520236,20809.44,-5.993908772608258e-05
520237,20809.48,-5.952244479087481e-05
520238,20809.52,-5.676802268155142e-05
520239,20809.56,-4.943057008701378e-05
520240,20809.6,-3.564939331373776e-05
520241,20809.64,-1.9953055729506107e-05
520242,20809.68,-8.203653440921907e-06
520243,20809.72,1.3240867640931637e-06
520244,20809.76,3.2881176005689544e-06
520245,20809.8,7.893703531648988e-06
520246,20809.84,6.740943153280556e-05
520247,20809.88,0.0001183234042305
520248,20809.92,0.0001001779453812
520249,20809.96,6.755114020942732e-05
520250,20810.0,5.8615775718038686e-05
520251,20810.04,6.069316198414863e-05
520252,20810.08,5.816930775400404e-05
520253,20810.12,5.82681409677534e-05
520254,20810.16,5.951648771326251e-05
520255,20810.2,6.243032001823328e-05
520256,20810.24,5.635844598193186e-05
520257,20810.28,4.320906336739277e-05
520258,20810.32,2.591897558820877e-05
520259,20810.36,4.453461116874653e-06
520260,20810.4,-1.4161816081662329e-05
520261,20810.44,-3.4555391482090455e-05
520262,20810.48,-5.124193513161245e-05
520263,20810.52,-6.110013970954868e-05
520264,20810.56,-6.86959019228342e-05
520265,20810.6,-7.180894287891764e-05
520266,20810.64,-8.39015463529927e-05
520267,20810.68,-9.99005770199882e-05
520268,20810.72,-0.0001199614681662
520269,20810.76,-0.0001514855001235
520270,20810.8,-0.0001848443604766
520271,20810.84,-0.0002068179313576
520272,20810.88,-0.0002185538740332
520273,20810.92,-0.0002251210934289
520274,20810.96,-0.0002239401039844
520275,20811.0,-0.0002185187464037
520276,20811.04,-0.0002191669101903
520277,20811.08,-0.0002189932798269
520278,20811.12,-0.0002130948806299
520279,20811.16,-0.0002068419224272
520280,20811.2,-0.0001989243629205
520281,20811.24,-0.000189296737564
520282,20811.28,-0.0001768470572165
520283,20811.32,-0.0001687172006918
520284,20811.36,-0.0001648771310048
520285,20811.4,-0.0001590468480611
520286,20811.44,-0.0001524106369058
520287,20811.48,-0.0001463430126454
520288,20811.52,-0.0001428404443204
520289,20811.56,-0.0001396958050355
520290,20811.6,-0.0001362260771452
520291,20811.64,-0.0001331024974172
520292,20811.68,-0.0001273835014555
520293,20811.72,-0.0001215284765087
520294,20811.76,-0.0001164133528912
520295,20811.8,-0.0001116580603103
520296,20811.84,-0.0001074449095689
520297,20811.88,-0.0001035197423914
520298,20811.92,-9.965300654733477e-05
520299,20811.96,-9.599280749134726e-05
520300,20812.0,-9.165449736974912e-05
520301,20812.04,-8.842543921664384e-05
520302,20812.08,-8.666166216741694e-05
520303,20812.12,-8.611203738540418e-05
520304,20812.16,-8.545840436867913e-05
520305,20812.2,-8.46851253419745e-05
520306,20812.24,-8.415544084212368e-05
520307,20812.28,-8.429464048702789e-05
520308,20812.32,-8.461597072417153e-05
520309,20812.36,-8.545120232236746e-05
520310,20812.4,-8.54587695334102e-05
520311,20812.44,-8.421748196538496e-05
520312,20812.48,-8.2444198983475e-05
520313,20812.52,-8.125640775720117e-05
520314,20812.56,-8.023605460351753e-05
520315,20812.6,-7.927287142384507e-05
520316,20812.64,-7.848285308587795e-05
520317,20812.68,-7.794055893194314e-05
520318,20812.72,-7.745816587981599e-05
520319,20812.76,-7.642189963212206e-05
520320,20812.8,-7.385860476566141e-05
520321,20812.84,-7.36639772617836e-05
520322,20812.88,-7.598575901839092e-05
520323,20812.92,-7.607574216770147e-05
520324,20812.96,-7.492752076566538e-05
520325,20813.0,-6.934985726635028e-05
520326,20813.04,-6.533499831301076e-05
520327,20813.08,-6.314796516494345e-05
520328,20813.12,-6.246412898154645e-05
520329,20813.16,-6.329089716605946e-05
520330,20813.2,-6.344835082971315e-05
520331,20813.24,-6.087889106031772e-05
520332,20813.28,-5.739629986168327e-05
520333,20813.32,-5.343870678830926e-05
520334,20813.36,-4.905362441898351e-05
520335,20813.4,-4.399363867798497e-05
520336,20813.44,-3.811194465177969e-05
520337,20813.48,-3.223365536216829e-05
520338,20813.52,-2.2977619363695504e-05
520339,20813.56,5.228737152558958e-06
520340,20813.6,4.998037040566101e-05
520341,20813.64,7.10445664878291e-05
520342,20813.68,7.850395690287862e-05
520343,20813.72,8.573409583943349e-05
520344,20813.76,7.778429214580254e-05
520345,20813.8,5.947202123682535e-05
520346,20813.84,3.251872875993374e-05
520347,20813.88,9.946716663032312e-06
520348,20813.92,-5.298603624218093e-06
520349,20813.96,-2.330737354280005e-05
520350,20814.0,-3.145931344233556e-05
520351,20814.04,-3.3037437305778614e-05
520352,20814.08,-3.1703005793040944e-05
520353,20814.12,-3.2242564997875905e-05
520354,20814.16,-3.251459508512535e-05
520355,20814.2,-3.148441705413735e-05
520356,20814.24,-2.854754650835292e-05
520357,20814.28,-2.656283660040296e-05
520358,20814.32,-3.047603724809472e-05
520359,20814.36,-3.888211088510291e-05
520360,20814.4,-4.8213411753396814e-05
520361,20814.44,-6.055822451658188e-05
520362,20814.48,-6.622696426279552e-05
520363,20814.52,-6.854408818342114e-05
520364,20814.56,-7.070887042172584e-05
520365,20814.6,-7.721932085579012e-05
520366,20814.64,-9.143022589894152e-05
520367,20814.68,-0.0001049049857586
520368,20814.72,-0.0001248325968294
520369,20814.76,-0.0001455280266694
520370,20814.8,-0.0001629577608933
520371,20814.84,-0.0001753233787475
520372,20814.88,-0.0001883865333181
520373,20814.92,-0.000197434864089
520374,20814.96,-0.0002014703805994
520375,20815.0,-0.0002001952504768
520376,20815.04,-0.0001925866214269
520377,20815.08,-0.0001869072073199
520378,20815.12,-0.0001829357835516
520379,20815.16,-0.0001781753153592
520380,20815.2,-0.0001673222740712
520381,20815.24,-0.0001609284871288
520382,20815.28,-0.0001594216572427
520383,20815.32,-0.0001574026739645
520384,20815.36,-0.0001531017847392
520385,20815.4,-0.0001486403714274
520386,20815.44,-0.0001467343915934
520387,20815.48,-0.0001452451003511
520388,20815.52,-0.0001424859631839
520389,20815.56,-0.0001389232290675
520390,20815.6,-0.0001324920516084
520391,20815.64,-0.0001260836845664
520392,20815.68,-0.0001205037211265
520393,20815.72,-0.0001160695662992
520394,20815.76,-0.0001128391527295
520395,20815.8,-0.0001088812022666
520396,20815.84,-0.0001049124895566
520397,20815.88,-9.919871666071202e-05
520398,20815.92,-9.338712361598856e-05
520399,20815.96,-8.989766686946152e-05
520400,20816.0,-8.877986275732256e-05
520401,20816.04,-8.889282476377335e-05
520402,20816.08,-8.853323427338854e-05
520403,20816.12,-8.736041173373595e-05
520404,20816.16,-8.625093598031553e-05
520405,20816.2,-8.579360542499938e-05
520406,20816.24,-8.561683807848458e-05
520407,20816.28,-8.562341400466332e-05
520408,20816.32,-8.557800134750903e-05
520409,20816.36,-8.479454368129012e-05
520410,20816.4,-8.339520591032892e-05
520411,20816.44,-8.273550800382051e-05
520412,20816.48,-8.263035071712365e-05
520413,20816.52,-8.286817034878032e-05
520414,20816.56,-8.235713041334562e-05
520415,20816.6,-8.072919347207023e-05
520416,20816.64,-7.926925586757886e-05
520417,20816.68,-7.377543695735782e-05
520418,20816.72,-6.362712672288967e-05
520419,20816.76,-6.033260016350162e-05
520420,20816.8,-6.144115665690629e-05
520421,20816.84,-5.831523691548717e-05
520422,20816.88,-5.523263437247238e-05
520423,20816.92,-5.040266787948479e-05
520424,20816.96,-4.5970971338625536e-05
520425,20817.0,-4.177706242422504e-05
520426,20817.04,-3.6859890396288175e-05
520427,20817.08,-3.223424031606496e-05
520428,20817.12,-2.803207450841768e-05
520429,20817.16,-2.130112412762386e-05
520430,20817.2,-1.4846583383391432e-05
520431,20817.24,-1.5941355204296734e-05
520432,20817.28,-1.309701887494516e-05
520433,20817.32,4.1680381706017856e-08
520434,20817.36,1.609979299273867e-05
520435,20817.4,2.72716541996846e-05
520436,20817.44,3.4460547260724115e-05
520437,20817.48,3.8002639936111006e-05
520438,20817.52,3.369625390124396e-05
520439,20817.56,2.278966473251092e-05
520440,20817.6,1.8020419778825307e-05
520441,20817.64,2.3006185513963545e-05
520442,20817.68,2.608699173874945e-05
520443,20817.72,2.477291536354532e-05
520444,20817.76,1.817166021550568e-05
520445,20817.8,1.2648527798848295e-05
520446,20817.84,9.654514222926895e-06
520447,20817.88,1.0021095369546905e-05
520448,20817.92,1.1966563875155414e-05
520449,20817.96,1.400999969098161e-05
520450,20818.0,9.993034874323057e-06
520451,20818.04,3.61633781975064e-07
520452,20818.08,-1.8142305652668367e-05
520453,20818.12,-4.006692840501038e-05
520454,20818.16,-4.502120759200773e-05
520455,20818.2,-4.400879023442138e-05
520456,20818.24,-7.286799110030947e-05
520457,20818.28,-0.0001170011395127
520458,20818.32,-0.0001400315559126
520459,20818.36,-0.0001532984440665
520460,20818.4,-0.0001653366875592
520461,20818.44,-0.00017526116746
520462,20818.48,-0.0001823216262296
520463,20818.52,-0.0001882046090253
520464,20818.56,-0.0001973942741224
520465,20818.6,-0.0002014438573628
520466,20818.64,-0.000203583277767
520467,20818.68,-0.0002006258869381
520468,20818.72,-0.0001928799686234
520469,20818.76,-0.0001867900031172
520470,20818.8,-0.0001841412971261
520471,20818.84,-0.0001882642731283
520472,20818.88,-0.0001920998630174
520473,20818.92,-0.0001858456666987
520474,20818.96,-0.0001758391748736
520475,20819.0,-0.0001630907554733
520476,20819.04,-0.0001534505257256
520477,20819.08,-0.0001483906646747
520478,20819.12,-0.0001439296555585
520479,20819.16,-0.0001383391435939
520480,20819.2,-0.0001328345124797
520481,20819.24,-0.0001293904247657
520482,20819.28,-0.0001274903899942
520483,20819.32,-0.0001256151721031
520484,20819.36,-0.0001236094290766
520485,20819.4,-0.0001194102893194
520486,20819.44,-0.0001134057339632
520487,20819.48,-0.0001079418714311
520488,20819.52,-0.0001037627352899
520489,20819.56,-0.0001004098663108
520490,20819.6,-9.748388104537286e-05
520491,20819.64,-9.4406872936842e-05
520492,20819.68,-9.13041883767796e-05
520493,20819.72,-8.77922981976336e-05
520494,20819.76,-8.616655483911512e-05
520495,20819.8,-8.527992144716408e-05
520496,20819.84,-8.477074639537567e-05
520497,20819.88,-8.40745627800158e-05
520498,20819.92,-8.319247864382646e-05
520499,20819.96,-8.29833929729322e-05
520500,20820.0,-8.305455157377208e-05
520501,20820.04,-8.308985504229047e-05
520502,20820.08,-8.334026478660918e-05
520503,20820.12,-8.312740836671206e-05
520504,20820.16,-8.185168464597716e-05
520505,20820.2,-8.073314370884176e-05
520506,20820.24,-8.010985411447691e-05
520507,20820.28,-7.958623841711506e-05
520508,20820.32,-7.92901774802203e-05
520509,20820.36,-7.906539322116379e-05
520510,20820.4,-7.839982220638667e-05
520511,20820.44,-7.760087259071571e-05
520512,20820.48,-7.632518945997672e-05
520513,20820.52,-7.721248637703245e-05
520514,20820.56,-7.791660272308075e-05
520515,20820.6,-7.840008578767748e-05
520516,20820.64,-7.796629717179766e-05
520517,20820.68,-7.715327089653853e-05
520518,20820.72,-7.697437714982964e-05
520519,20820.76,-7.693416462085203e-05
520520,20820.8,-7.704554477528224e-05
520521,20820.84,-7.73251419666795e-05
520522,20820.88,-7.698886794817784e-05
520523,20820.92,-7.629540464164669e-05
520524,20820.96,-7.566482454573139e-05
520525,20821.0,-7.544338304133532e-05
520526,20821.04,-7.519241750743784e-05
520527,20821.08,-7.468659734365715e-05
520528,20821.12,-7.432655451619248e-05
520529,20821.16,-7.282983145258059e-05
520530,20821.2,-6.812670973923103e-05
520531,20821.24,-6.045533958846443e-05
520532,20821.28,-5.671508910409506e-05
520533,20821.32,-5.7279955978942016e-05
520534,20821.36,-5.620730294510059e-05
520535,20821.4,-5.5153416153792326e-05
520536,20821.44,-5.168386135984132e-05
520537,20821.48,-5.046488671616424e-05
520538,20821.52,-4.863989224528684e-05
520539,20821.56,-4.769609211212929e-05
520540,20821.6,-4.505277084410276e-05
520541,20821.64,-4.178917335352769e-05
520542,20821.68,-1.345660018270075e-05
520543,20821.72,4.878827540223779e-05
520544,20821.76,8.66532931817625e-05
520545,20821.8,9.878201724214396e-05
520546,20821.84,9.356822520468357e-05
520547,20821.88,8.724657203025666e-05
520548,20821.92,7.743921123933031e-05
520549,20821.96,6.569832439340012e-05
520550,20822.0,4.211894062644056e-05
520551,20822.04,5.583781563194199e-06
520552,20822.08,-2.234195447969733e-05
520553,20822.12,-3.9111529211142944e-05
520554,20822.16,-5.062290353773963e-05
520555,20822.2,-5.448065616634278e-05
520556,20822.24,-5.32477305526715e-05
520557,20822.28,-3.730209585636462e-05
520558,20822.32,-8.531551210722657e-06
520559,20822.36,2.417436623364053e-06
520560,20822.4,-2.006559241509215e-06
520561,20822.44,-8.249994162307241e-06
520562,20822.48,-1.6029843187332274e-05
520563,20822.52,-2.071933381058972e-05
520564,20822.56,-2.060325405138091e-05
520565,20822.6,-1.8575684569684404e-05
520566,20822.64,-1.709601917212358e-05
520567,20822.68,-1.595958859403813e-05
520568,20822.72,-1.7978920675591225e-05
520569,20822.76,-2.737061346600188e-05
520570,20822.8,-4.53363823906171e-05
520571,20822.84,-5.853393078805844e-05
520572,20822.88,-6.866491384538115e-05
520573,20822.92,-8.034662871663346e-05
520574,20822.96,-9.564926750016565e-05
520575,20823.0,-0.0001073920538023
520576,20823.04,-0.0001282079482894
520577,20823.08,-0.0001584798311494
520578,20823.12,-0.0001851869132322
520579,20823.16,-0.0002065653926852
520580,20823.2,-0.0002245983721748
520581,20823.24,-0.0002310267871869
520582,20823.28,-0.0002284729151537
520583,20823.32,-0.0002293379798295
520584,20823.36,-0.0002258776631285
520585,20823.4,-0.0002137661442138
520586,20823.44,-0.0002116300702817
520587,20823.48,-0.0002059026996386
520588,20823.52,-0.0002009974336333
520589,20823.56,-0.000199565325474
520590,20823.6,-0.0001910769873565
520591,20823.64,-0.0001797744967161
520592,20823.68,-0.00016972138257
520593,20823.72,-0.0001637735300694
520594,20823.76,-0.0001597893638939
520595,20823.8,-0.0001532516039431
520596,20823.84,-0.0001472566753682
520597,20823.88,-0.0001417292064499
520598,20823.92,-0.0001335953740217
520599,20823.96,-0.000124979629863
520600,20824.0,-0.0001178500109062
520601,20824.04,-0.0001126663741237
520602,20824.08,-0.0001080349258567
520603,20824.12,-0.000103848833093
520604,20824.16,-9.912407295325904e-05
520605,20824.2,-9.354474853377042e-05
520606,20824.24,-8.997330667671706e-05
520607,20824.28,-9.109265597021868e-05
520608,20824.32,-9.123938232556168e-05
520609,20824.36,-8.844126229377877e-05
520610,20824.4,-8.476563857488766e-05
520611,20824.44,-8.263746871552846e-05
520612,20824.48,-8.17302306021971e-05
520613,20824.52,-8.106794475790292e-05
520614,20824.56,-8.083959994575765e-05
520615,20824.6,-8.112319025483877e-05
520616,20824.64,-7.905464763532089e-05
520617,20824.68,-7.732979183832088e-05
520618,20824.72,-7.602434462348962e-05
520619,20824.76,-7.56013668227918e-05
520620,20824.8,-7.500475068970856e-05
520621,20824.84,-7.506910846970348e-05
520622,20824.88,-7.460707900409417e-05
520623,20824.92,-7.398609272949283e-05
520624,20824.96,-7.202541870727895e-05
520625,20825.0,-7.372423511744692e-05
520626,20825.04,-7.521296246249162e-05
520627,20825.08,-7.184835212208603e-05
520628,20825.12,-6.230477206226678e-05
520629,20825.16,-4.969444806602217e-05
520630,20825.2,-3.738622888291303e-05
520631,20825.24,-2.648782392363333e-05
520632,20825.28,-1.637674390203811e-05
520633,20825.32,-7.965789640984887e-06
520634,20825.36,-2.377986668424928e-07
520635,20825.4,7.181630148877727e-06
520636,20825.44,1.2966991877565902e-05
520637,20825.48,1.7219353236350698e-05
520638,20825.52,1.8873658526365864e-05
520639,20825.56,2.0343749834451e-05
520640,20825.6,2.382422133399868e-05
520641,20825.64,2.5546375935067404e-05
520642,20825.68,2.742787516225867e-05
520643,20825.72,2.659379178162637e-05
520644,20825.76,2.218145079363203e-05
520645,20825.8,1.7968855767861486e-05
520646,20825.84,2.037374301341425e-05
520647,20825.88,2.037642264973288e-05
520648,20825.92,1.8028530485936165e-05
520649,20825.96,1.5165384758273608e-05
520650,20826.0,1.0375182921644118e-05
520651,20826.04,9.81100891507931e-07
520652,20826.08,-1.6185006846331212e-05
520653,20826.12,-3.593519059417795e-05
520654,20826.16,-5.1554844043168245e-05
520655,20826.2,-6.695823252243423e-05
520656,20826.24,-8.334494738876413e-05
520657,20826.28,-0.0001017668104295
520658,20826.32,-0.0001200711707299
520659,20826.36,-0.0001396911499876
520660,20826.4,-0.0001592073395802
520661,20826.44,-0.0001722570216205
520662,20826.48,-0.0001790731189777
520663,20826.52,-0.0001817036810696
520664,20826.56,-0.0001834763371891
520665,20826.6,-0.0001872217733765
520666,20826.64,-0.0001865120123778
520667,20826.68,-0.000185899735876
520668,20826.72,-0.0001831621032249
520669,20826.76,-0.000183012572497
520670,20826.8,-0.0001807587743309
520671,20826.84,-0.0001750766346931
520672,20826.88,-0.0001686786086751
520673,20826.92,-0.0001607710089843
520674,20826.96,-0.0001544053723063
520675,20827.0,-0.0001477620352727
520676,20827.04,-0.0001424861036332
520677,20827.08,-0.0001375835428263
520678,20827.12,-0.000134411993143
520679,20827.16,-0.0001308182048985
520680,20827.2,-0.0001264099443062
520681,20827.24,-0.0001212136772069
520682,20827.28,-0.0001183955702742
520683,20827.32,-0.0001171104935052
520684,20827.36,-0.0001152455870895
520685,20827.4,-0.0001115507660187
520686,20827.44,-0.0001084767856039
520687,20827.48,-0.0001064668407214
520688,20827.52,-0.0001055315535079
520689,20827.56,-0.0001041236658123
520690,20827.6,-0.0001035167880396
520691,20827.64,-0.000101466734025
520692,20827.68,-9.744019229393758e-05
520693,20827.72,-9.380823662992936e-05
520694,20827.76,-9.117997904185634e-05
520695,20827.8,-8.879367816374024e-05
520696,20827.84,-8.754533543616042e-05
520697,20827.88,-8.597467913601328e-05
520698,20827.92,-8.467829887011024e-05
520699,20827.96,-8.286109269630738e-05
520700,20828.0,-7.915438800451064e-05
520701,20828.04,-7.697400816704436e-05
520702,20828.08,-8.031074050789908e-05
520703,20828.12,-8.239895755620183e-05
520704,20828.16,-8.218086605087932e-05
520705,20828.2,-8.008257464811163e-05
520706,20828.24,-7.822244596696595e-05
520707,20828.28,-7.743399400761739e-05
520708,20828.32,-7.772236004581297e-05
520709,20828.36,-7.728836237670156e-05
520710,20828.4,-7.805594887964602e-05
520711,20828.44,-7.71231234021847e-05
520712,20828.48,-7.536248653387946e-05
520713,20828.52,-7.431849388989962e-05
520714,20828.56,-7.437084353757759e-05
520715,20828.6,-7.398398115672084e-05
520716,20828.64,-7.4006085730287e-05
520717,20828.68,-7.419866620560012e-05
520718,20828.72,-7.461998368804145e-05
520719,20828.76,-7.44615203470671e-05
520720,20828.8,-7.305735075291327e-05
520721,20828.84,-6.936856369379773e-05
520722,20828.88,-6.524941911735035e-05
520723,20828.92,-6.317748849714412e-05
520724,20828.96,-5.805384254570882e-05
520725,20829.0,-4.917800513997829e-05
520726,20829.04,-3.672684483758419e-05
520727,20829.08,-2.1975925080794965e-05
520728,20829.12,-8.315917961933477e-06
520729,20829.16,3.12115417280932e-06
520730,20829.2,1.0028749164859828e-05
520731,20829.24,1.4412439806593347e-05
520732,20829.28,1.817725811370901e-05
520733,20829.32,2.167696102381999e-05
520734,20829.36,2.0865098785279216e-05
520735,20829.4,1.690945694389481e-05
520736,20829.44,1.3612308286538588e-05
520737,20829.48,1.3211168785119712e-05
520738,20829.52,1.507047835690437e-05
520739,20829.56,1.7581213484788617e-05
520740,20829.6,1.9621128709998457e-05
520741,20829.64,2.087843794296409e-05
520742,20829.68,1.7518745852776886e-05
520743,20829.72,1.2255558043593886e-05
520744,20829.76,1.1817167993613045e-05
520745,20829.8,1.3000472539333511e-05
520746,20829.84,1.2047829777820746e-05
520747,20829.88,1.0503850170527015e-05
520748,20829.92,6.214173664787556e-06
520749,20829.96,-1.7878584224264072e-06
520750,20830.0,-1.340679385717842e-05
520751,20830.04,-2.3858593511440204e-05
520752,20830.08,-3.397982201247213e-05
520753,20830.12,-4.422344198642945e-05
520754,20830.16,-5.135120476448535e-05
520755,20830.2,-5.6141105101526274e-05
520756,20830.24,-6.0177598322827e-05
520757,20830.28,-6.575467855066753e-05
520758,20830.32,-7.361334930262003e-05
520759,20830.36,-8.197147017932368e-05
520760,20830.4,-9.095992226720948e-05
520761,20830.44,-0.000103578325588
520762,20830.48,-0.0001204637482013
520763,20830.52,-0.000143121407782
520764,20830.56,-0.0001670657934992
520765,20830.6,-0.0001866481495709
520766,20830.64,-0.0002021672869233
520767,20830.68,-0.000213896992114
520768,20830.72,-0.0002226054127008
520769,20830.76,-0.0002235534655425
520770,20830.8,-0.000221822817046
520771,20830.84,-0.0002192563155802
520772,20830.88,-0.0002141977185552
520773,20830.92,-0.000211021106681
520774,20830.96,-0.0002099606512891
520775,20831.0,-0.0002098891717955
520776,20831.04,-0.0002102446566913
520777,20831.08,-0.0002091597069865
520778,20831.12,-0.00020459649473
520779,20831.16,-0.0001964842515593
520780,20831.2,-0.0001876131444821
520781,20831.24,-0.0001849871183834
520782,20831.28,-0.0001833612046054
520783,20831.32,-0.0001791925987359
520784,20831.36,-0.0001732337635664
520785,20831.4,-0.0001690131681929
520786,20831.44,-0.0001663699569632
520787,20831.48,-0.0001633925314632
520788,20831.52,-0.0001586217967049
520789,20831.56,-0.0001549098990492
520790,20831.6,-0.0001478004704442
520791,20831.64,-0.0001405823964116
520792,20831.68,-0.0001329064918111
520793,20831.72,-0.0001270984810896
520794,20831.76,-0.0001218193253843
520795,20831.8,-0.0001172930226921
520796,20831.84,-0.0001121153576264
520797,20831.88,-0.0001056365498815
520798,20831.92,-9.727919886586864e-05
520799,20831.96,-9.545446843215172e-05
520800,20832.0,-9.7269082965669e-05
520801,20832.04,-9.602873541105406e-05
520802,20832.08,-9.228354595176818e-05
520803,20832.12,-8.802519398280864e-05
520804,20832.16,-8.536056018753931e-05
520805,20832.2,-8.480715807314399e-05
520806,20832.24,-8.380368992186895e-05
520807,20832.28,-8.355924786610575e-05
520808,20832.32,-8.286006429407441e-05
520809,20832.36,-7.954530079914052e-05
520810,20832.4,-7.708525199118441e-05
520811,20832.44,-7.535638453273637e-05
520812,20832.48,-7.412470381951655e-05
520813,20832.52,-7.362855450568054e-05
520814,20832.56,-7.34560544201996e-05
520815,20832.6,-7.323060261532301e-05
520816,20832.64,-7.231298099023869e-05
520817,20832.68,-6.88471389803859e-05
520818,20832.72,-6.787904510250565e-05
520819,20832.76,-7.405031028288649e-05
520820,20832.8,-7.79175142519952e-05
520821,20832.84,-7.761089946851091e-05
520822,20832.88,-7.506204703470847e-05
520823,20832.92,-7.267021129518555e-05
520824,20832.96,-7.239964253832072e-05
520825,20833.0,-7.308509573575049e-05
520826,20833.04,-7.285300967577078e-05
520827,20833.08,-7.237726386897153e-05
520828,20833.12,-6.907507863860954e-05
520829,20833.16,-6.119205693131241e-05
520830,20833.2,-5.090919346532518e-05
520831,20833.24,-4.159414059482372e-05
520832,20833.28,-3.340752767352476e-05
520833,20833.32,-2.436536784241834e-05
520834,20833.36,-1.802536111485518e-05
520835,20833.4,-1.6343869878046096e-05
520836,20833.44,-1.3828298580605124e-05
520837,20833.48,-9.511001172049177e-06
520838,20833.52,-1.1621226212518482e-05
520839,20833.56,-1.3333755311024558e-05
520840,20833.6,-7.55498615161712e-06
520841,20833.64,8.369850355434651e-07
520842,20833.68,8.169028253195498e-06
520843,20833.72,1.3354950806864454e-05
520844,20833.76,2.011681786135743e-05
520845,20833.8,2.523279885444809e-05
520846,20833.84,2.669811518781477e-05
520847,20833.88,2.4547884353161645e-05
520848,20833.92,2.0499894144883343e-05
520849,20833.96,1.834903815977772e-05
520850,20834.0,1.6458471490416944e-05
520851,20834.04,1.6048980452166554e-05
520852,20834.08,1.523760441431984e-05
520853,20834.12,1.538452478267953e-05
520854,20834.16,1.6473679670274105e-05
520855,20834.2,1.7541033118088804e-05
520856,20834.24,1.7639054201909757e-05
520857,20834.28,8.377442949029238e-06
520858,20834.32,-1.09067904421354e-05
520859,20834.36,-2.9793600266384017e-05
520860,20834.4,-4.304381538855364e-05
520861,20834.44,-5.3841741934899e-05
520862,20834.48,-5.964517969346524e-05
520863,20834.52,-6.47084888504042e-05
520864,20834.56,-7.063284095873102e-05
520865,20834.6,-7.681272334940691e-05
520866,20834.64,-8.1532564113608e-05
520867,20834.68,-8.740040639360224e-05
520868,20834.72,-9.49931607028255e-05
520869,20834.76,-0.0001054228500199
520870,20834.8,-0.0001179648821818
520871,20834.84,-0.0001320667604981
520872,20834.88,-0.0001474669463312
520873,20834.92,-0.0001656346775602
520874,20834.96,-0.0001822440661979
520875,20835.0,-0.0001921822575652
520876,20835.04,-0.0001925866083964
520877,20835.08,-0.0001856716335174
520878,20835.12,-0.0001800936584664
520879,20835.16,-0.0001784053082851
520880,20835.2,-0.0001752851745758
520881,20835.24,-0.000170196812729
520882,20835.28,-0.0001653274522058
520883,20835.32,-0.0001627941210206
520884,20835.36,-0.0001614969885208
520885,20835.4,-0.0001589781346351
520886,20835.44,-0.0001551223233593
520887,20835.48,-0.0001501745336966
520888,20835.52,-0.0001437154811228
520889,20835.56,-0.0001374841436352
520890,20835.6,-0.0001319385628306
520891,20835.64,-0.0001267305889873
520892,20835.68,-0.0001217737000001
520893,20835.72,-0.0001177215956383
520894,20835.76,-0.0001134457064897
520895,20835.8,-0.0001093223683586
520896,20835.84,-0.0001037015901102
520897,20835.88,-9.799588007605138e-05
520898,20835.92,-9.56294158902122e-05
520899,20835.96,-9.487655941293642e-05
520900,20836.0,-9.399764630003296e-05
520901,20836.04,-9.262117088248342e-05
520902,20836.08,-9.036831299280648e-05
520903,20836.12,-8.92636254785297e-05
520904,20836.16,-8.887040255055693e-05
520905,20836.2,-8.838077130334807e-05
520906,20836.24,-8.806342350743718e-05
520907,20836.28,-8.682277813374012e-05
520908,20836.32,-8.42652806467818e-05
520909,20836.36,-8.227880685666633e-05
520910,20836.4,-8.081052091489327e-05
520911,20836.44,-8.000552949629268e-05
520912,20836.48,-7.879800441659429e-05
520913,20836.52,-7.81725635684039e-05
520914,20836.56,-7.76780523398353e-05
520915,20836.6,-7.753360306703888e-05
520916,20836.64,-7.65463986525283e-05
520917,20836.68,-7.466740444114997e-05
520918,20836.72,-7.156721166413477e-05
520919,20836.76,-7.382710059085187e-05
520920,20836.8,-7.653801724745018e-05
520921,20836.84,-7.724157868426866e-05
520922,20836.88,-7.69835449931556e-05
520923,20836.92,-7.573238794616021e-05
520924,20836.96,-7.468745832753798e-05
520925,20837.0,-7.516988058049021e-05
520926,20837.04,-7.554337050822221e-05
520927,20837.08,-7.525770884136392e-05
520928,20837.12,-7.425330437266044e-05
520929,20837.16,-7.16323442179171e-05
520930,20837.2,-6.806212080120166e-05
520931,20837.24,-6.495517535412868e-05
520932,20837.28,-6.275604006610155e-05
520933,20837.32,-5.78421403518595e-05
520934,20837.36,-5.053781837793016e-05
520935,20837.4,-4.4090172502727366e-05
520936,20837.44,-4.051092618262422e-05
520937,20837.48,-4.050159367667949e-05
520938,20837.52,-4.222448022086904e-05
520939,20837.56,-4.117274832981321e-05
520940,20837.6,-3.74616471902456e-05
520941,20837.64,-3.509002069847099e-05
520942,20837.68,-2.953528304926485e-05
520943,20837.72,-2.7990811575273336e-05
520944,20837.76,-2.4902512301781505e-05
520945,20837.8,-2.273940209911409e-05
520946,20837.84,-2.2776014226377085e-05
520947,20837.88,-1.832939481907409e-05
520948,20837.92,-1.5359251892821624e-05
520949,20837.96,-1.557254883068721e-05
520950,20838.0,-1.6359557042899065e-05
520951,20838.04,-1.8132741393875147e-05
520952,20838.08,-2.069845556884027e-05
520953,20838.12,-2.3407013393574605e-05
520954,20838.16,-2.0793215871370044e-05
520955,20838.2,-1.806041255955537e-05
520956,20838.24,-1.4307126465921596e-05
520957,20838.28,-8.098901269375243e-06
520958,20838.32,-7.597152427162365e-07
520959,20838.36,4.737675893139278e-07
520960,20838.4,-8.542240378192527e-06
520961,20838.44,-2.852983379896429e-05
520962,20838.48,-4.614950637713178e-05
520963,20838.52,-5.134733092806844e-05
520964,20838.56,-5.3127232117504106e-05
520965,20838.6,-5.291911649120609e-05
520966,20838.64,-5.466982825128443e-05
520967,20838.68,-5.760606316236936e-05
520968,20838.72,-6.042473284148922e-05
520969,20838.76,-6.306010287256643e-05
520970,20838.8,-6.263552019928752e-05
520971,20838.84,-6.2667740262701e-05
520972,20838.88,-6.471894786118884e-05
520973,20838.92,-6.628844962068882e-05
520974,20838.96,-6.702405176749291e-05
